date,observed_monthly_twsa,model_reconstructed_monthly_twsa,observed_ma12,model_reconstructed_ma12,residual_model_minus_observed,source_segment
2006-02-01,30.21783645631047,26.278569158830063,,,-3.9392672974804057,historical reconstruction/context
2006-03-01,-2.004568525708496,-0.5749024306991832,,,1.4296660950093123,historical reconstruction/context
2006-04-01,2.731296612955107,3.75076742369225,,,1.0194708107371429,historical reconstruction/context
2006-05-01,7.253599413641011,5.256710816458509,,,-1.996888597182502,historical reconstruction/context
2006-06-01,-9.05604447329766,-11.824065164045166,,,-2.7680206907475053,historical reconstruction/context
2006-07-01,-4.7474892140736005,-7.092109473135063,,,-2.344620259061463,historical reconstruction/context
2006-08-01,7.9581951702060145,12.721760869209476,,,4.763565699003461,historical reconstruction/context
2006-09-01,25.312498396278578,25.363446000648818,,,0.0509476043702399,historical reconstruction/context
2006-10-01,6.614070054932129,5.001306541894266,,,-1.612763513037863,historical reconstruction/context
2006-11-01,-30.909873531872016,-31.03642016896236,,,-0.1265466370903425,historical reconstruction/context
2006-12-01,-29.803966547853868,-30.581082923416048,,,-0.7771163755621799,historical reconstruction/context
2007-01-01,-11.107897776905451,-17.00761341003449,-0.6285286637823154,-1.645302729963244,-5.89971563312904,historical reconstruction/context
2007-02-01,-32.786849639775966,-30.266383484737982,-5.878919171789518,-6.357382116927248,2.520466155037983,historical reconstruction/context
2007-03-01,16.803538479411518,13.503750153720294,-4.3115769213628505,-5.184161068225625,-3.2997883256912246,historical reconstruction/context
2007-04-01,12.391160353648893,10.503578724274105,-3.5065882763050347,-4.621426793177137,-1.887581629374788,historical reconstruction/context
2007-05-01,-63.14023353910054,-65.05150920808916,-9.372741022366831,-10.480445128556108,-1.9112756689886157,historical reconstruction/context
2007-06-01,-79.15152449539077,-80.92439232614485,-15.214031024207925,-16.23880572539775,-1.7728678307540804,historical reconstruction/context
2007-07-01,-45.983498198562486,-46.10322486936563,-18.650365106248668,-19.489732008416965,-0.1197266708031463,historical reconstruction/context
2007-08-01,-5.807112762933104,-8.275048834655594,-19.79747410067693,-21.23946615040572,-2.46793607172249,historical reconstruction/context
2007-09-01,-4.722144591225352,-1.3011086105706715,-22.30036101630225,-23.461512368007345,3.421035980654681,historical reconstruction/context
2007-10-01,-13.93721659150089,-12.747292873419758,-24.012968236838336,-24.94056231928351,1.1899237180811326,historical reconstruction/context
2007-11-01,-22.64986627052253,-23.33217453151483,-23.324634298392542,-24.298541849496218,-0.6823082609923006,historical reconstruction/context
2007-12-01,-16.880248961921765,-24.034370448259622,-22.2476578328982,-23.752982476566515,-7.154121486337857,historical reconstruction/context
2008-01-01,-23.598701827302424,-24.67639839363376,-23.288558170431287,-24.39204789186645,-1.077696566331337,historical reconstruction/context
2008-02-01,-18.43130959505144,-19.79283805511578,-22.09226316670424,-23.51925243939793,-1.3615284600643385,historical reconstruction/context
2008-03-01,3.1216105805660046,-1.834239870963872,-23.232423824941367,-24.797418274788285,-4.9558504515298765,historical reconstruction/context
2008-04-01,0.0722231427604994,-6.391470086689824,-24.25900192584873,-26.20533900903528,-6.463693229450324,historical reconstruction/context
2008-05-01,-51.26284726349748,-51.4142866477689,-23.269219736215145,-25.068903795675254,-0.1514393842714199,historical reconstruction/context
2008-06-01,-58.60090631916771,-59.44827599157521,-21.55666822152989,-23.27922743446112,-0.8473696724074955,historical reconstruction/context
2008-07-01,-26.991956144814463,-31.959340864518744,-19.97403971705089,-22.10057043405721,-4.967384719704281,historical reconstruction/context
2008-08-01,-10.757827421375458,-15.094138024409837,-20.386599271921085,-22.66882786653673,-4.336310603034379,historical reconstruction/context
2008-09-01,-19.273737232359284,-22.05894776105381,-21.59923199201558,-24.39864779574366,-2.785210528694524,historical reconstruction/context
2008-10-01,-45.73749776035608,-47.45144406681887,-24.24925542275351,-27.290660395193587,-1.7139463064627949,historical reconstruction/context
2008-11-01,-64.83157467636792,-65.61839238678408,-27.76439778990729,-30.81451188313269,-0.7868177104161589,historical reconstruction/context
2008-12-01,-66.83315823831565,-68.73077449407894,-31.92714022960678,-34.539212220284305,-1.897616255763296,historical reconstruction/context
2009-01-01,-64.56195713626718,-63.80428726097106,-35.34074483868718,-37.79986962589575,0.7576698752961235,historical reconstruction/context
2009-02-01,-54.17826972625915,-55.66156080906142,-38.31965818295449,-40.78892985539122,-1.4832910828022676,historical reconstruction/context
2009-03-01,-66.74675013662856,-65.59943499358259,-44.14202157605403,-46.10269611560944,1.1473151430459725,historical reconstruction/context
2009-04-01,-77.21645919938666,-73.35305377048519,-50.5827451045663,-51.682828089259054,3.8634054289014728,historical reconstruction/context
2009-05-01,-76.25098078368086,-77.86821559193429,-52.66508956458159,-53.88732216793949,-1.6172348082534285,historical reconstruction/context
2009-06-01,-80.65044780956885,-78.19250903609901,-54.50255135544834,-55.449341588316486,2.4579387734698344,historical reconstruction/context
2009-07-01,-85.43543315847872,-84.20879014194298,-59.37284110658703,-59.80346236143517,1.226643016535732,historical reconstruction/context
2009-08-01,-56.32224807194383,-56.5047087435826,-63.16987616080106,-63.25434325469956,-0.1824606716387649,historical reconstruction/context
2009-09-01,-48.07518070070808,-47.64936297776661,-65.56999644983013,-65.38687785609231,0.4258177229414741,historical reconstruction/context
2009-10-01,-88.23981605917258,-83.70981819674847,-69.11185630806484,-68.40840903358644,4.529997862424111,historical reconstruction/context
2009-11-01,-79.67548165121136,-79.58255024218167,-70.34884855596846,-69.57208885486956,0.0929314090296884,historical reconstruction/context
2009-12-01,-54.49561802142152,-55.57689680553839,-69.32072020456062,-68.47593238082452,-1.0812787841168685,historical reconstruction/context
2010-01-01,-58.74225070438591,-56.83707970185952,-68.83574466857051,-67.89533175089856,1.9051710025263875,historical reconstruction/context
2010-02-01,-87.96403400998325,-89.18389384227518,-71.65122502554752,-70.68885950366636,-1.219859832291931,historical reconstruction/context
2010-03-01,-93.71641584808869,-93.66460711735245,-73.89869716816919,-73.02762384731386,0.0518087307362407,historical reconstruction/context
2010-04-01,-64.90593024384856,-65.92655482064681,-72.87281975520769,-72.40874893482733,-1.0206245767982551,historical reconstruction/context
2010-05-01,-64.20634048532843,-64.35002490521687,-71.86909973034498,-71.28223304426756,-0.1436844198884443,historical reconstruction/context
2010-06-01,-109.77699601969722,-105.78216651921338,-74.29631208118901,-73.58137116786041,3.9948295004838457,historical reconstruction/context
2010-07-01,-103.86021699607734,-102.57418021253274,-75.83171073432224,-75.11182034040955,1.2860367835446027,historical reconstruction/context
2010-08-01,-73.72688587951367,-73.90571781336182,-77.28209721828638,-76.56190442955783,-0.1788319338481443,historical reconstruction/context
2010-09-01,-22.226814297824767,-26.460784889761108,-75.12806668471278,-74.7961895888907,-4.233970591936341,historical reconstruction/context
2010-10-01,-40.03865829131521,-43.62149012721195,-71.11130353739132,-71.45549558309598,-3.582831835896741,historical reconstruction/context
2010-11-01,-41.17400026849488,-45.17552864535257,-67.90284675549829,-68.58824378336023,-4.001528376857692,historical reconstruction/context
2010-12-01,-55.52802202107286,-52.98431752525815,-67.98888042213589,-68.37219551000355,2.5437044958147084,historical reconstruction/context
2011-01-01,-10.449564133870068,-11.72739061893328,-63.964489874592914,-64.61305475309302,-1.277826485063212,historical reconstruction/context
2011-02-01,-66.7774318099154,-65.44400687543941,-62.19893969125392,-62.63473083919004,1.3334249344759854,historical reconstruction/context
2011-03-01,-53.67329021714513,-54.59889920488626,-58.86201255534196,-59.37925517981787,-0.9256089877411284,historical reconstruction/context
2011-04-01,-51.97832219658006,-55.39664487979293,-57.784711884736254,-58.5017626847467,-3.418322683212871,historical reconstruction/context
2011-05-01,-62.63781671433736,-63.38607798281943,-57.654001570487,-58.42143377454692,-0.748261268482068,historical reconstruction/context
2011-06-01,-14.923615082240005,-16.23795863520384,-49.749553159032224,-50.95941645087945,-1.314343552963834,historical reconstruction/context
2011-07-01,-108.50822647941744,-105.93257504363488,-50.136887282643904,-51.23928268680464,2.575651435782561,historical reconstruction/context
2011-08-01,-56.85091173513076,-53.85712409628394,-48.730556103945325,-49.568566543714816,2.9937876388468183,historical reconstruction/context
2011-09-01,-42.84287924437246,-44.14795733180428,-50.44856151615764,-51.04249758055175,-1.3050780874318164,historical reconstruction/context
2011-10-01,-82.08119019149792,-81.83920642505291,-53.95210584117286,-54.227307272038495,0.241983766445017,historical reconstruction/context
2011-11-01,-31.100079786335414,-30.78893959129112,-53.11261246765957,-53.02842485086671,0.3111401950442953,historical reconstruction/context
2011-12-01,-69.05254317686368,-71.35511744213703,-54.23965589730881,-54.55932484393994,-2.30257426527335,historical reconstruction/context
2012-01-01,-56.99417435959005,-59.39017746473748,-58.11837341611881,-58.53122374775696,-2.396003105147429,historical reconstruction/context
2012-02-01,-69.43947712605453,-67.87549844533241,-58.34021052579706,-58.733848045248045,1.5639786807221157,historical reconstruction/context
2012-03-01,-62.80257111228215,-60.92130538533412,-59.10098393372515,-59.26071522695204,1.8812657269480295,historical reconstruction/context
2012-04-01,-101.65663050413865,-96.4097981071256,-63.24084295935504,-62.67847799589642,5.246832397013051,historical reconstruction/context
2012-05-01,-17.588322857061485,-16.35391499379153,-59.48671847124872,-58.759131080144094,1.2344078632699542,historical reconstruction/context
2012-06-01,-138.16143845034523,-136.9688326137459,-69.75653708525748,-68.82003724502259,1.1926058365993413,historical reconstruction/context
2012-07-01,-84.996272275547,-84.91148111515525,-67.79720756826828,-67.0682794176493,0.0847911603917452,historical reconstruction/context
2012-08-01,21.842507972826645,19.041937245867672,-61.239422592605166,-60.99335763913666,-2.800570726958973,historical reconstruction/context
2012-09-01,-36.34663234796025,-35.62307031852216,-60.698068684570806,-60.28295038802981,0.7235620294380922,historical reconstruction/context
2012-10-01,-14.531709201911127,-11.873197064045732,-55.06894526877191,-54.45244960794588,2.6585121378653955,historical reconstruction/context
2012-11-01,-65.7112873569449,-70.2918427848345,-57.95321256632269,-57.74435820740784,-4.580555427889607,historical reconstruction/context
2012-12-01,-68.70106281236386,-70.60415492798568,-57.92392253594772,-57.68177799789522,-1.903092115621817,historical reconstruction/context
2013-01-01,-41.34092875572044,-50.662154363571645,-56.61948540229191,-56.95444273946473,-9.321225607851204,historical reconstruction/context
2013-02-01,-42.76998741548362,-44.98656596915369,-54.397027926411006,-55.04703169978317,-2.216578553670068,historical reconstruction/context
2013-03-01,-12.242029996353375,-10.398551227281407,-50.18364950008361,-50.83680218661211,1.843478769071968,historical reconstruction/context
2013-04-01,-78.49952453042513,-77.81066559927146,-48.25389066894081,-49.28687447762427,0.6888589311536748,historical reconstruction/context
2013-05-01,-110.06346766233602,-111.68804953420675,-55.96015273604703,-57.23138568932554,-1.6245818718707312,historical reconstruction/context
2013-06-01,-104.36953589872944,-104.07798793530564,-53.14416085674571,-54.49048196612218,0.2915479634237954,historical reconstruction/context
2013-07-01,-30.392260771450964,-31.23770445187036,-48.5938265647377,-50.01766724418178,-0.8454436804193968,historical reconstruction/context
2013-08-01,-14.271138270990052,-11.647720389948772,-51.603297085055765,-52.57513871383315,2.6234178810412807,historical reconstruction/context
2013-09-01,-14.908499075126612,-13.08562595057804,-49.8167859789863,-50.697018349837805,1.822873124548572,historical reconstruction/context
2013-10-01,-75.16039672458525,-76.76991563249275,-54.8691766058758,-56.10507823054172,-1.6095189079075,historical reconstruction/context
2013-11-01,-70.76466618585862,-71.30163048813074,-55.290291508285286,-56.189227205816415,-0.5369643022721249,historical reconstruction/context
2013-12-01,-105.7276581295365,-107.01413672217618,-58.375841118049664,-59.22339235533227,-1.286478592639682,historical reconstruction/context
2014-01-01,-78.9575364193599,-80.10658392934894,-61.51055842335296,-61.67709481914705,-1.149047509989046,historical reconstruction/context
2014-02-01,-32.79985031008951,-26.12844212873055,-60.67971366457011,-60.10558449911181,6.671408181358959,historical reconstruction/context
2014-03-01,-70.77572370527139,-69.70220244747712,-65.55752147364662,-65.04755543412811,1.073521257794269,historical reconstruction/context
2014-04-01,-80.82957234165073,-82.47297869449436,-65.75169212458208,-65.43608152539669,-1.643406352843627,historical reconstruction/context
2014-05-01,-116.11255789687168,-116.32847775740414,-66.25578297746004,-65.8227838773298,-0.2159198605324661,historical reconstruction/context
2014-06-01,-136.9713421798451,-131.50093852851856,-68.97260016755303,-68.10802976009755,5.470403651326535,historical reconstruction/context
2014-07-01,-43.30668347518168,-34.96516568265521,-70.04880205953059,-68.41865152932961,8.341517792526467,historical reconstruction/context
2014-08-01,-141.6470657228819,-134.98124562510466,-80.66346268052156,-78.69644529892594,6.665820097777242,historical reconstruction/context
2014-09-01,-116.14768366433374,-116.68168357910554,-89.10006139628882,-87.32945010130322,-0.5339999147717975,historical reconstruction/context
2014-10-01,-113.57288557626164,-115.75852805700656,-92.30110213392852,-90.57850113667938,-2.1856424807449173,historical reconstruction/context
2014-11-01,-138.20998632637816,-135.62092871540244,-97.92154547897182,-95.93844265561869,2.589057610975715,historical reconstruction/context
2014-12-01,-59.23249642684662,-54.7391059205562,-94.04694867041434,-91.58219008881704,4.4933905062904245,historical reconstruction/context
2015-01-01,-160.4379894618691,-157.82432488192936,-100.83698642395676,-98.05866850153204,2.6136645799397518,historical reconstruction/context
2015-02-01,-180.2916471033152,-177.10613893847275,-113.1279694900589,-110.64014323567726,3.185508164842417,historical reconstruction/context
2015-03-01,-159.23439187983587,-153.23722666631727,-120.49952517127262,-117.6013952539139,5.997165213518599,historical reconstruction/context
2015-04-01,-165.4439021043468,-163.7240050240604,-127.55071931816396,-124.3723141147111,1.7198970802863869,historical reconstruction/context
2015-05-01,-57.251552734482615,-54.18175433900169,-122.64563555463154,-119.19342049651088,3.069798395480923,historical reconstruction/context
2015-06-01,-53.6726107747984,-47.860973498509125,-115.70407460421096,-112.22342341067676,5.811637276289275,historical reconstruction/context
2015-07-01,-206.7889692027998,-200.42313913932765,-129.32759841484582,-126.01158786539946,6.365830063472146,historical reconstruction/context
2015-08-01,-162.92438434431287,-157.6617863555377,-131.10070829996505,-127.9016329262689,5.262597988775156,historical reconstruction/context
2015-09-01,-152.2034313498621,-146.91910467723716,-134.10535394042577,-130.42141801777987,5.284326672624928,historical reconstruction/context
2015-10-01,-59.287398577336816,-55.06521196429692,-129.58156335718203,-125.36364167672072,4.222186613039895,historical reconstruction/context
2015-11-01,-52.06247912283104,-47.98193817986176,-122.4026044235531,-118.06039246542564,4.080540942969286,historical reconstruction/context
2015-12-01,-145.69357179711187,-146.35893236949806,-129.60769403774188,-125.69537800283749,-0.6653605723861915,historical reconstruction/context
2016-01-01,-183.8045825929892,-176.77703024888763,-131.55491013200188,-127.27477011675067,7.027552344101565,historical reconstruction/context
2016-02-01,-174.1333091423161,-174.449096818675,-131.04171530191863,-127.05334994010086,-0.3157876763588945,historical reconstruction/context
2016-03-01,-180.54254645070048,-180.9171857188528,-132.81739484949068,-129.3600131944788,-0.3746392681523218,historical reconstruction/context
2016-04-01,-41.7427895074614,-42.87463071898596,-122.50896879975022,-119.28923200238928,-1.1318412115245593,historical reconstruction/context
2016-05-01,-188.84774009668547,-187.70601535071984,-133.47531774660047,-130.4162537533658,1.1417247459656323,historical reconstruction/context
2016-06-01,-210.96421691420989,-206.6921011967052,-146.58295159155142,-143.65218106154882,4.272115717504676,historical reconstruction/context
2016-07-01,-150.25228990874075,-147.291638204035,-141.87156165037985,-139.22455598360776,2.9606517047057537,historical reconstruction/context
2016-08-01,-97.91451762713788,-97.46139695159918,-136.45407275728192,-134.20785686661287,0.4531206755386989,historical reconstruction/context
2016-09-01,-41.94266737759025,-42.9906613666286,-127.26567575959258,-125.54715325739552,-1.0479939890383534,historical reconstruction/context
2016-10-01,-29.79312600972179,-35.16051959023006,-124.80781971229136,-123.88842889288992,-5.367393580508271,historical reconstruction/context
2016-11-01,-91.49904037489668,-96.93508412273434,-128.09419981663015,-127.96785772146264,-5.436043747837658,historical reconstruction/context
2016-12-01,-178.8639938178917,-177.70590373236377,-130.85840165169512,-130.58010533503477,1.158090085527931,historical reconstruction/context
2017-01-01,-149.77894869379818,-152.756212270134,-128.02293216009588,-128.57837050347197,-2.9772635763358157,historical reconstruction/context
2017-02-01,-28.015568576548063,-29.67813200303268,-115.8464537796152,-116.5141234355018,-1.662563426484617,historical reconstruction/context
2017-03-01,-147.27540694606623,-147.76824021047733,-113.07419215422902,-113.7517113098038,-0.4928332644111037,historical reconstruction/context
2017-04-01,-176.20065109828076,-174.4580494880092,-124.27901395346396,-124.71699620722244,1.7426016102715494,historical reconstruction/context
2017-05-01,-203.29286476047648,-202.35495497490868,-125.4827743421132,-125.93774117590485,0.9379097855677968,historical reconstruction/context
2017-06-01,-204.81389184607937,-204.57613715389053,-124.97024725310234,-125.7614108390036,0.2377546921888438,historical reconstruction/context
2017-07-01,-48.33464398768337,-47.27570364549328,-116.47711009301425,-117.4267496257918,1.0589403421900911,historical reconstruction/context
2017-08-01,-46.66444552078473,-45.59173351186157,-112.20627075081812,-113.10427767248034,1.072712008923162,historical reconstruction/context
2017-09-01,-52.214333713354186,-47.536287981878935,-113.06224294546512,-113.48307989041786,4.678045731475251,historical reconstruction/context
2017-10-01,-60.22972782326879,-53.24414603928415,-115.59862642992738,-114.99004876117236,6.985581783984635,historical reconstruction/context
2017-11-01,-43.20288485460177,-43.01655502098716,-111.57394680323614,-110.49683800269344,0.1863298336146073,historical reconstruction/context
2017-12-01,-48.42922832907881,-46.535074541416016,-100.70438301250174,-99.56593557011446,1.8941537876627947,historical reconstruction/context
2018-01-01,-50.2718178224214,-51.910836314652336,-92.41212210655368,-91.16215424049098,-1.6390184922309388,historical reconstruction/context
2018-02-01,-47.6508390991813,-48.2920925848665,-94.04839465010645,-92.71331762231048,-0.6412534856852048,historical reconstruction/context
2018-03-01,-47.6508390991813,-47.04521590282295,-85.74634732953268,-84.31973226333928,0.6056231963583443,historical reconstruction/context
2018-04-01,-54.739859275464056,-52.89071131150818,-75.6246146776313,-74.18912074863086,1.849147963955879,historical reconstruction/context
2018-05-01,-52.662572471649234,-50.11687062895723,-63.07209032022902,-61.502613719801566,2.5457018426920044,historical reconstruction/context
2018-06-01,-220.5359163128472,-216.18144455973453,-64.382259025793,-62.46972267028857,4.354471753112676,historical reconstruction/context
2018-07-01,-174.7327560986999,-173.6968549574407,-74.91543503504438,-73.00481861295084,1.0359011412591883,historical reconstruction/context
2018-08-01,-55.19147528548533,-46.27911459813912,-75.62602084876944,-73.06210037014064,8.912360687346215,historical reconstruction/context
2018-09-01,-56.40856922068112,-50.01052012779032,-75.97554047438001,-73.26828638229993,6.398049092890801,historical reconstruction/context
2018-10-01,-200.3250618991385,-200.9574389724717,-87.65015164736916,-85.57772746006555,-0.6323770733332026,historical reconstruction/context
2018-11-01,-178.8896449381177,-183.21253809978265,-98.9573816543288,-97.2607260499652,-4.32289316166495,historical reconstruction/context
2018-12-01,-176.9307407365784,-176.85997704470486,-109.66584102162044,-108.12113459190591,0.0707636918735374,historical reconstruction/context
2019-01-01,-188.79654612926012,-187.5152822114549,-121.20956838052368,-119.42150508330614,1.281263917805262,historical reconstruction/context
2019-02-01,-183.9111162923502,-180.60545524373023,-132.56459147995443,-130.44761863821145,3.305661048619953,historical reconstruction/context
2019-03-01,-179.91863496802983,-179.3996851326782,-143.58690780235847,-141.47715774069937,0.5189498353516342,historical reconstruction/context
2019-04-01,-216.5459297286252,-213.68220224138625,-157.07074700678857,-154.87644865152254,2.863727487238947,historical reconstruction/context
2019-05-01,-213.5446206818629,-209.1648209890379,-170.4775843576397,-168.1304445148626,4.379799692825003,historical reconstruction/context
2019-06-01,-248.56310272800195,-244.67477588414212,-172.81318322556925,-170.50488879189658,3.888326843859801,historical reconstruction/context
2019-07-01,-231.3172413200128,-228.8096418206456,-177.528556994012,-175.09762103049698,2.507599499367217,historical reconstruction/context
2019-08-01,-212.0707860248002,-209.4812401364508,-190.60183288895487,-188.6977981586896,2.5895458883494484,historical reconstruction/context
2019-09-01,-200.9482872409733,-196.13902657291936,-202.64680939064596,-200.8751736957837,4.809260668053952,historical reconstruction/context
2019-10-01,-227.7426739668026,-222.2818289838951,-204.93161039628455,-202.65220619673565,5.460844982907503,historical reconstruction/context
2019-11-01,-217.66202332008,-211.2188819520467,-208.1626419281148,-204.98606818442437,6.443141368033309,historical reconstruction/context
2019-12-01,-218.0690352824548,-214.99880405447385,-211.59083314027117,-208.16430376857176,3.0702312279809405,historical reconstruction/context
2020-01-01,-217.5127886203262,-219.91244829537416,-213.98385334786,-210.86406760889835,-2.399659675047957,historical reconstruction/context
2020-02-01,-230.13147037170813,-229.45512456622143,-217.83554952113985,-214.9348733857726,0.6763458054867044,historical reconstruction/context
2020-03-01,-273.360743581992,-265.75631623214355,-225.6223919056367,-222.13125931072807,7.604427349848436,historical reconstruction/context
2020-04-01,-227.84154626951548,-225.7103209048732,-226.5636932840442,-223.13360253268533,2.131225364642262,historical reconstruction/context
2020-05-01,-276.0359172685339,-272.31794115663047,-231.77130133293343,-228.39636254665135,3.717976111903454,historical reconstruction/context
2020-06-01,-275.3008825132908,-274.03450891735935,-233.99944964837425,-230.8430069660861,1.2663735959314408,historical reconstruction/context
2020-07-01,-266.3975851408855,-263.25336637462544,-236.9228116334469,-233.71331734558444,3.144218766260053,historical reconstruction/context
2020-08-01,-207.4173141827194,-207.1526293779684,-236.53502231327352,-233.51926644904427,0.2646848047509991,historical reconstruction/context
2020-09-01,-176.84535573893135,-180.9046510635345,-234.5264446881033,-232.2497351565955,-4.059295324603141,historical reconstruction/context
2020-10-01,-197.4841486958875,-200.07466616150808,-232.0049009155271,-230.3991382547299,-2.5905174656205645,historical reconstruction/context
2020-11-01,-200.358961552314,-211.64104719442264,-230.56297910154657,-230.4343186915946,-11.282085642108626,strict recursive validation
2020-12-01,-191.5441194043765,-215.5305625943555,-228.35256944504007,-230.4786319032514,-23.986443189979013,strict recursive validation
2021-01-01,-235.04060510173144,-218.10608692449463,-229.8132208184905,-230.3281017890114,16.93451817723681,strict recursive validation
2021-02-01,-238.4010785095444,-221.8419897107496,-230.50235482997687,-229.6936738843888,16.559088798794818,strict recursive validation
2021-03-01,-239.8167468495023,-232.1590282468213,-227.707021768936,-226.89389988561197,7.657718602681001,strict recursive validation
2021-04-01,-219.82398936019965,-248.25504036229984,-227.03889202649307,-228.77262650706416,-28.43105100210019,strict recursive validation
2021-05-01,-292.08940014383035,-272.40262337011234,-228.37668226610108,-228.77968335818764,19.68677677371801,strict recursive validation
2021-06-01,-256.53289704243826,-313.16424293798343,-226.81268347686336,-232.04049452657296,-56.63134589554517,strict recursive validation
2021-07-01,-207.6195556117392,-250.42863197606937,-221.9145143494345,-230.97176666002665,-42.80907636433017,strict recursive validation
2021-08-01,-127.0307735574888,-174.22958107274906,-215.21563596399864,-228.2281793012584,-47.198807515260256,strict recursive validation
2021-09-01,-55.66005051064047,-124.4628307370557,-205.1168605283077,-223.52469427405177,-68.80278022641522,strict recursive validation
2021-10-01,-25.26555603573624,-129.81088657659427,-190.7653111399618,-217.6693793086423,-104.54533054085805,strict recursive validation
2021-11-01,-55.425379695449344,-152.44688434881107,-178.68751265188973,-212.7365324048413,-97.02150465336172,strict recursive validation
2021-12-01,-113.32373046654791,-158.6515547780408,-172.1691469070707,-207.99661508681515,-45.32782431149289,strict recursive validation
2022-01-01,-65.23971279297008,-162.91037721914188,-158.01907254800724,-203.39697261136908,-97.6706644261718,strict recursive validation
2022-02-01,-71.47783623021778,-168.37852735799686,-144.10880235806334,-198.941684081973,-96.90069112777908,strict recursive validation
2022-03-01,-114.10625665337388,-176.43712778371707,-133.63292817505263,-194.2981923767143,-62.3308711303432,strict recursive validation
2022-04-01,-130.47861887820778,-190.64668627065555,-126.18748063488668,-189.49749620241064,-60.16806739244777,strict recursive validation
2022-05-01,-156.6943090259317,-219.15821237844364,-114.9045563750618,-185.0604619531049,-62.46390335251195,strict recursive validation
2022-06-01,-161.12946188712118,-262.6436249760999,-106.95427011211868,-180.85041045628125,-101.5141630889787,strict recursive validation
2022-07-01,-100.09147662392031,-197.05108804983035,-97.9935968631338,-176.40228179576135,-96.95961142591004,strict recursive validation
2022-08-01,-75.90330235045437,-131.9849335698499,-93.7329742625476,-172.8818945038531,-56.08163121939552,strict recursive validation
2022-09-01,-61.51548916353151,-89.32440729421512,-94.22092748362184,-169.95369255028302,-27.808918130683608,strict recursive validation
2022-10-01,-83.07871456059307,-107.00004358571904,-99.03869069402656,-168.0527889677101,-23.92132902512597,strict recursive validation
2022-11-01,-88.51607249401333,-119.25728674215212,-101.79624842724024,-165.28698916715518,-30.74121424813879,strict recursive validation
2022-12-01,-106.431653538576,-120.19159825128452,-101.22190868324256,-162.0819927899255,-13.759944712708515,strict recursive validation
2023-01-01,-91.60577127841346,-116.66301734727756,-103.4190802236962,-158.2280461339368,-25.057246068864103,strict recursive validation
2023-02-01,-70.28629645516111,-110.9720350055112,-103.31978524244148,-153.44417177122966,-40.685738550350095,strict recursive validation
2023-03-01,-79.10249314443514,-105.43993480485813,-100.40280495002992,-147.52773902299143,-26.337441660422986,strict recursive validation
2023-04-01,-97.89617218983932,-101.83551080507176,-97.68760105933256,-140.12680773419277,-3.939338615232444,strict recursive validation
2023-05-01,-99.19539590861535,-108.84392841142552,-92.89602496622284,-130.93395073694126,-9.64853250281017,strict recursive validation
2023-06-01,-153.3838295277642,-120.6077452449216,-92.25055560294312,-119.09762742600974,32.77608428284259,strict recursive validation
2023-07-01,-144.26895153110627,-123.55559881013768,-95.9320118452086,-112.973003322702,20.713352720968587,strict recursive validation
2023-08-01,-45.116504395032656,-61.30673177522556,-93.36644534892343,-107.08315317314998,-16.1902273801929,strict recursive validation
2023-09-01,-75.18013726422883,0.0689701290713173,-94.50516602398156,-99.63370505454276,75.24910739330015,strict recursive validation
2023-10-01,-118.97003978030509,-26.40243680757419,-97.4961097922909,-92.9172378230307,92.5676029727309,strict recursive validation
2023-11-01,-153.71384437298974,-43.78552015108005,-102.92925744887226,-86.62792394044136,109.92832422190968,strict recursive validation
2023-12-01,-90.97576218255485,-50.94615752977268,-101.64126650253716,-80.85747054698204,40.02960465278217,strict recursive validation
2024-01-01,-128.237860980756,-54.97361762803928,-104.69394064439904,-75.71668723704552,73.26424335271673,strict recursive validation
2024-02-01,-134.19370130552062,-58.89753468316928,-110.01955771526234,-71.37714554351703,75.29616662235134,strict recursive validation
2024-03-01,-94.65138488245348,-69.54193241876499,-111.31529869343052,-68.38564534467594,25.1094524636885,strict recursive validation
2024-04-01,-108.4327009137268,-99.45517475885288,-112.1933427537545,-68.18728400749103,8.977526154873928,strict recursive validation
2024-05-01,-127.24783716725705,-136.16655094903842,-114.53104619197462,-70.46416921895877,-8.918713781781378,strict recursive validation
2024-06-01,-167.1565778281714,-118.97555287164585,-115.67877521700858,-70.32815318785246,48.18102495652556,strict recursive validation
2024-07-01,-150.91384369869135,-60.088616683901705,-116.232516230974,-65.03923801066612,90.82522701478965,strict recursive validation
2024-08-01,-58.72298228814746,-38.21857579034702,-117.36638938873354,-63.11522501192625,20.50440649780045,strict recursive validation
2024-09-01,-79.8801954895874,-62.60820896905796,-117.75806090751344,-68.3383232701037,17.27198652052943,strict recursive validation
2024-10-01,-52.51250981395579,-82.47506840509311,-112.21993341031768,-73.01104256989693,-29.962558591137324,strict recursive validation
2024-11-01,-69.95341573012297,-89.31169636529819,-105.23989769007876,-76.80489058774845,-19.35828063517522,strict recursive validation
2024-12-01,-78.50441025339062,-88.89362616819278,-104.2006183626484,-79.96717964095012,-10.389215914802165,strict recursive validation
2025-01-01,-47.370277795737934,-85.55959863942996,-97.46165309723024,-82.51601139189934,-38.18932084369203,strict recursive validation
2025-02-01,-52.162287195631,-81.14858551305667,-90.62570192140612,-84.3702656277233,-28.98629831742567,strict recursive validation
2025-03-01,-55.92148518289289,-76.69284363073245,-87.39821027977605,-84.96617489538725,-20.771358447839567,strict recursive validation
2025-04-01,-124.8863518653855,-72.85584540647403,-88.76934785908094,-82.74956411602234,52.03050645891148,strict recursive validation
2025-05-01,-114.608809219642,-70.44026751798526,-87.71609553011302,-77.27237383010124,44.168541701656736,strict recursive validation
2025-06-01,-142.85208657958086,-69.33033616823093,-85.69072125939715,-73.13527243815001,73.52175041134993,strict recursive validation
2025-07-01,-89.03388855049128,-85.49658639711276,-80.53405833038047,-75.25260324758426,3.537302153378519,strict recursive validation
2025-08-01,-1.867522269614908,-53.40930993837253,-75.7961033288361,-76.51849775991973,-51.54178766875762,strict recursive validation
2025-09-01,-6.603535358152204,-53.72334165853397,-69.68971498454982,-75.77809215070938,-47.11980630038177,strict recursive validation
2025-10-01,9.437722951280708,-76.73755712789432,-64.5271955874468,-75.29996621094283,-86.17528007917502,strict recursive validation
