date,year,scenario,risk_index,indicator
2026-12-01,2026,ssp126,-1.1225937146305205,risk_deficit_cumulative_z
2027-12-01,2027,ssp126,-0.9295384798136408,risk_deficit_cumulative_z
2028-12-01,2028,ssp126,-0.9295384798136408,risk_deficit_cumulative_z
2029-12-01,2029,ssp126,-0.9145085355912244,risk_deficit_cumulative_z
2030-12-01,2030,ssp126,-0.4237219501592673,risk_deficit_cumulative_z
2031-12-01,2031,ssp126,-0.1234056178621406,risk_deficit_cumulative_z
2032-12-01,2032,ssp126,0.0172035451627381,risk_deficit_cumulative_z
2033-12-01,2033,ssp126,0.2676078314702445,risk_deficit_cumulative_z
2034-12-01,2034,ssp126,0.3198721943852382,risk_deficit_cumulative_z
2035-12-01,2035,ssp126,0.3713012127581149,risk_deficit_cumulative_z
2036-12-01,2036,ssp126,0.3735674189512866,risk_deficit_cumulative_z
2037-12-01,2037,ssp126,0.4433825873229768,risk_deficit_cumulative_z
2038-12-01,2038,ssp126,0.5234560930657169,risk_deficit_cumulative_z
2039-12-01,2039,ssp126,0.6392975317755298,risk_deficit_cumulative_z
2040-12-01,2040,ssp126,1.4650946524453698,risk_deficit_cumulative_z
2041-12-01,2041,ssp126,1.6212627902511607,risk_deficit_cumulative_z
2042-12-01,2042,ssp126,1.666799596508321,risk_deficit_cumulative_z
2043-12-01,2043,ssp126,1.685033670348486,risk_deficit_cumulative_z
2044-12-01,2044,ssp126,2.027702728715008,risk_deficit_cumulative_z
2045-12-01,2045,ssp126,2.36160491448473,risk_deficit_cumulative_z
2046-12-01,2046,ssp126,2.373874110389228,risk_deficit_cumulative_z
2047-12-01,2047,ssp126,2.373874110389228,risk_deficit_cumulative_z
2048-12-01,2048,ssp126,2.387058483905865,risk_deficit_cumulative_z
2049-12-01,2049,ssp126,2.387058483905865,risk_deficit_cumulative_z
2050-12-01,2050,ssp126,2.387058483905865,risk_deficit_cumulative_z
2051-12-01,2051,ssp126,2.6908330853648748,risk_deficit_cumulative_z
2052-12-01,2052,ssp126,2.7550427245584483,risk_deficit_cumulative_z
2053-12-01,2053,ssp126,2.7550427245584483,risk_deficit_cumulative_z
2054-12-01,2054,ssp126,2.8264831353509083,risk_deficit_cumulative_z
2055-12-01,2055,ssp126,2.989709116672233,risk_deficit_cumulative_z
2056-12-01,2056,ssp126,2.99047045254738,risk_deficit_cumulative_z
2057-12-01,2057,ssp126,3.2022792162173856,risk_deficit_cumulative_z
2058-12-01,2058,ssp126,4.227534626847138,risk_deficit_cumulative_z
2059-12-01,2059,ssp126,4.325795885442996,risk_deficit_cumulative_z
2060-12-01,2060,ssp126,4.378124875008051,risk_deficit_cumulative_z
2061-12-01,2061,ssp126,4.401913837908554,risk_deficit_cumulative_z
2062-12-01,2062,ssp126,4.441443962866977,risk_deficit_cumulative_z
2063-12-01,2063,ssp126,4.479616219975634,risk_deficit_cumulative_z
2064-12-01,2064,ssp126,4.523527340886203,risk_deficit_cumulative_z
2065-12-01,2065,ssp126,4.695146829117911,risk_deficit_cumulative_z
2066-12-01,2066,ssp126,4.728230602639538,risk_deficit_cumulative_z
2067-12-01,2067,ssp126,4.728230602639538,risk_deficit_cumulative_z
2068-12-01,2068,ssp126,5.310583114621455,risk_deficit_cumulative_z
2069-12-01,2069,ssp126,5.706901628813639,risk_deficit_cumulative_z
2070-12-01,2070,ssp126,5.858980957572751,risk_deficit_cumulative_z
2071-12-01,2071,ssp126,5.896591629497739,risk_deficit_cumulative_z
2072-12-01,2072,ssp126,6.038163207859196,risk_deficit_cumulative_z
2073-12-01,2073,ssp126,6.04984520166895,risk_deficit_cumulative_z
2074-12-01,2074,ssp126,6.04984520166895,risk_deficit_cumulative_z
2075-12-01,2075,ssp126,6.435550433470759,risk_deficit_cumulative_z
2076-12-01,2076,ssp126,7.256099380242628,risk_deficit_cumulative_z
2077-12-01,2077,ssp126,7.272939364348677,risk_deficit_cumulative_z
2078-12-01,2078,ssp126,7.288551336561222,risk_deficit_cumulative_z
2079-12-01,2079,ssp126,7.692907863469632,risk_deficit_cumulative_z
2080-12-01,2080,ssp126,7.93185448358596,risk_deficit_cumulative_z
2081-12-01,2081,ssp126,7.960860544246402,risk_deficit_cumulative_z
2082-12-01,2082,ssp126,7.989621850456249,risk_deficit_cumulative_z
2083-12-01,2083,ssp126,8.145637417558845,risk_deficit_cumulative_z
2084-12-01,2084,ssp126,8.285464860482508,risk_deficit_cumulative_z
2085-12-01,2085,ssp126,8.809977464097154,risk_deficit_cumulative_z
2086-12-01,2086,ssp126,8.81207958743695,risk_deficit_cumulative_z
2087-12-01,2087,ssp126,8.862407231287996,risk_deficit_cumulative_z
2088-12-01,2088,ssp126,9.00704741185806,risk_deficit_cumulative_z
2089-12-01,2089,ssp126,9.085740128479294,risk_deficit_cumulative_z
2090-12-01,2090,ssp126,9.521136714247357,risk_deficit_cumulative_z
2091-12-01,2091,ssp126,9.543316964233425,risk_deficit_cumulative_z
2092-12-01,2092,ssp126,9.543316964233425,risk_deficit_cumulative_z
2093-12-01,2093,ssp126,9.638867060013444,risk_deficit_cumulative_z
2094-12-01,2094,ssp126,9.863857704443893,risk_deficit_cumulative_z
2095-12-01,2095,ssp126,9.98209905521758,risk_deficit_cumulative_z
2096-12-01,2096,ssp126,9.983310904339058,risk_deficit_cumulative_z
2097-12-01,2097,ssp126,9.983310904339058,risk_deficit_cumulative_z
2098-12-01,2098,ssp126,9.983310904339058,risk_deficit_cumulative_z
2099-12-01,2099,ssp126,10.903066323538802,risk_deficit_cumulative_z
2100-12-01,2100,ssp126,11.280503881784824,risk_deficit_cumulative_z
2026-12-01,2026,ssp245,-1.406885330091389,risk_deficit_cumulative_z
2027-12-01,2027,ssp245,-1.3443501609376682,risk_deficit_cumulative_z
2028-12-01,2028,ssp245,-1.3443501609376682,risk_deficit_cumulative_z
2029-12-01,2029,ssp245,-1.3443501609376682,risk_deficit_cumulative_z
2030-12-01,2030,ssp245,-1.205302530638926,risk_deficit_cumulative_z
2031-12-01,2031,ssp245,-1.1061194433383368,risk_deficit_cumulative_z
2032-12-01,2032,ssp245,-1.0770748196483992,risk_deficit_cumulative_z
2033-12-01,2033,ssp245,-1.01653003372517,risk_deficit_cumulative_z
2034-12-01,2034,ssp245,-1.0091210485599074,risk_deficit_cumulative_z
2035-12-01,2035,ssp245,-0.8655823013020474,risk_deficit_cumulative_z
2036-12-01,2036,ssp245,-0.6492882019484563,risk_deficit_cumulative_z
2037-12-01,2037,ssp245,-0.3785681091656678,risk_deficit_cumulative_z
2038-12-01,2038,ssp245,-0.2034514665553284,risk_deficit_cumulative_z
2039-12-01,2039,ssp245,0.0651572039230227,risk_deficit_cumulative_z
2040-12-01,2040,ssp245,0.5525058892837655,risk_deficit_cumulative_z
2041-12-01,2041,ssp245,0.6748310017860555,risk_deficit_cumulative_z
2042-12-01,2042,ssp245,0.691134461382283,risk_deficit_cumulative_z
2043-12-01,2043,ssp245,0.7961961187797404,risk_deficit_cumulative_z
2044-12-01,2044,ssp245,0.8925437962984326,risk_deficit_cumulative_z
2045-12-01,2045,ssp245,1.642966044547495,risk_deficit_cumulative_z
2046-12-01,2046,ssp245,2.549207204162977,risk_deficit_cumulative_z
2047-12-01,2047,ssp245,3.1301256509341155,risk_deficit_cumulative_z
2048-12-01,2048,ssp245,3.130621938304883,risk_deficit_cumulative_z
2049-12-01,2049,ssp245,3.153703725557014,risk_deficit_cumulative_z
2050-12-01,2050,ssp245,3.4002377743155066,risk_deficit_cumulative_z
2051-12-01,2051,ssp245,3.615071864274363,risk_deficit_cumulative_z
2052-12-01,2052,ssp245,3.724615643781061,risk_deficit_cumulative_z
2053-12-01,2053,ssp245,3.978591234062446,risk_deficit_cumulative_z
2054-12-01,2054,ssp245,4.078967323645819,risk_deficit_cumulative_z
2055-12-01,2055,ssp245,4.522569012261868,risk_deficit_cumulative_z
2056-12-01,2056,ssp245,5.557159534387886,risk_deficit_cumulative_z
2057-12-01,2057,ssp245,5.648360584524478,risk_deficit_cumulative_z
2058-12-01,2058,ssp245,5.648360584524478,risk_deficit_cumulative_z
2059-12-01,2059,ssp245,5.73360780029409,risk_deficit_cumulative_z
2060-12-01,2060,ssp245,6.088062740291014,risk_deficit_cumulative_z
2061-12-01,2061,ssp245,7.603713879179707,risk_deficit_cumulative_z
2062-12-01,2062,ssp245,8.270271849706427,risk_deficit_cumulative_z
2063-12-01,2063,ssp245,8.697899510237514,risk_deficit_cumulative_z
2064-12-01,2064,ssp245,8.80084959076536,risk_deficit_cumulative_z
2065-12-01,2065,ssp245,8.85119309434642,risk_deficit_cumulative_z
2066-12-01,2066,ssp245,9.111521473675168,risk_deficit_cumulative_z
2067-12-01,2067,ssp245,9.316785265794111,risk_deficit_cumulative_z
2068-12-01,2068,ssp245,9.563295438806524,risk_deficit_cumulative_z
2069-12-01,2069,ssp245,9.654161080431232,risk_deficit_cumulative_z
2070-12-01,2070,ssp245,9.675402421251931,risk_deficit_cumulative_z
2071-12-01,2071,ssp245,10.013123069398157,risk_deficit_cumulative_z
2072-12-01,2072,ssp245,10.33846202392112,risk_deficit_cumulative_z
2073-12-01,2073,ssp245,10.483286078716864,risk_deficit_cumulative_z
2074-12-01,2074,ssp245,10.731989788646978,risk_deficit_cumulative_z
2075-12-01,2075,ssp245,10.731989788646978,risk_deficit_cumulative_z
2076-12-01,2076,ssp245,10.829261229481268,risk_deficit_cumulative_z
2077-12-01,2077,ssp245,11.04204838963041,risk_deficit_cumulative_z
2078-12-01,2078,ssp245,11.224950475943304,risk_deficit_cumulative_z
2079-12-01,2079,ssp245,11.255347785938046,risk_deficit_cumulative_z
2080-12-01,2080,ssp245,11.383629266684263,risk_deficit_cumulative_z
2081-12-01,2081,ssp245,11.39126760836858,risk_deficit_cumulative_z
2082-12-01,2082,ssp245,11.491450954581818,risk_deficit_cumulative_z
2083-12-01,2083,ssp245,11.733856775781922,risk_deficit_cumulative_z
2084-12-01,2084,ssp245,13.168437614733948,risk_deficit_cumulative_z
2085-12-01,2085,ssp245,14.635146698636452,risk_deficit_cumulative_z
2086-12-01,2086,ssp245,15.007816559306878,risk_deficit_cumulative_z
2087-12-01,2087,ssp245,15.965630756239149,risk_deficit_cumulative_z
2088-12-01,2088,ssp245,16.129409283162836,risk_deficit_cumulative_z
2089-12-01,2089,ssp245,16.496198087277424,risk_deficit_cumulative_z
2090-12-01,2090,ssp245,17.3492672351271,risk_deficit_cumulative_z
2091-12-01,2091,ssp245,17.364918246655744,risk_deficit_cumulative_z
2092-12-01,2092,ssp245,17.946065953912317,risk_deficit_cumulative_z
2093-12-01,2093,ssp245,18.57492755561839,risk_deficit_cumulative_z
2094-12-01,2094,ssp245,18.578804715394355,risk_deficit_cumulative_z
2095-12-01,2095,ssp245,18.58928892066809,risk_deficit_cumulative_z
2096-12-01,2096,ssp245,18.83825897603372,risk_deficit_cumulative_z
2097-12-01,2097,ssp245,19.01787941259284,risk_deficit_cumulative_z
2098-12-01,2098,ssp245,19.168222295842384,risk_deficit_cumulative_z
2099-12-01,2099,ssp245,19.211838958857797,risk_deficit_cumulative_z
2100-12-01,2100,ssp245,19.433254929084065,risk_deficit_cumulative_z
2026-12-01,2026,ssp370,-1.4835862253369727,risk_deficit_cumulative_z
2027-12-01,2027,ssp370,-1.4755367594943565,risk_deficit_cumulative_z
2028-12-01,2028,ssp370,-1.4384816336849915,risk_deficit_cumulative_z
2029-12-01,2029,ssp370,-1.353540749574859,risk_deficit_cumulative_z
2030-12-01,2030,ssp370,-0.8914087615286617,risk_deficit_cumulative_z
2031-12-01,2031,ssp370,-0.7454141900590997,risk_deficit_cumulative_z
2032-12-01,2032,ssp370,-0.6973512000158261,risk_deficit_cumulative_z
2033-12-01,2033,ssp370,-0.6962873600999812,risk_deficit_cumulative_z
2034-12-01,2034,ssp370,-0.6962873600999812,risk_deficit_cumulative_z
2035-12-01,2035,ssp370,-0.6272679685070406,risk_deficit_cumulative_z
2036-12-01,2036,ssp370,-0.6225238327168,risk_deficit_cumulative_z
2037-12-01,2037,ssp370,-0.6225238327168,risk_deficit_cumulative_z
2038-12-01,2038,ssp370,-0.6225238327168,risk_deficit_cumulative_z
2039-12-01,2039,ssp370,-0.6225238327168,risk_deficit_cumulative_z
2040-12-01,2040,ssp370,-0.6034452694993724,risk_deficit_cumulative_z
2041-12-01,2041,ssp370,-0.5196620807097984,risk_deficit_cumulative_z
2042-12-01,2042,ssp370,-0.2230680559730627,risk_deficit_cumulative_z
2043-12-01,2043,ssp370,-0.1143316550683269,risk_deficit_cumulative_z
2044-12-01,2044,ssp370,-0.1143316550683269,risk_deficit_cumulative_z
2045-12-01,2045,ssp370,-0.100125424506308,risk_deficit_cumulative_z
2046-12-01,2046,ssp370,-0.0833196654100914,risk_deficit_cumulative_z
2047-12-01,2047,ssp370,-0.049612213239774,risk_deficit_cumulative_z
2048-12-01,2048,ssp370,0.1667602551793522,risk_deficit_cumulative_z
2049-12-01,2049,ssp370,0.1853198963281152,risk_deficit_cumulative_z
2050-12-01,2050,ssp370,0.1920641242715487,risk_deficit_cumulative_z
2051-12-01,2051,ssp370,0.3051893175659159,risk_deficit_cumulative_z
2052-12-01,2052,ssp370,0.4413546663123578,risk_deficit_cumulative_z
2053-12-01,2053,ssp370,0.5530135374488616,risk_deficit_cumulative_z
2054-12-01,2054,ssp370,0.7177882326681605,risk_deficit_cumulative_z
2055-12-01,2055,ssp370,0.7358425893656281,risk_deficit_cumulative_z
2056-12-01,2056,ssp370,0.869984211007275,risk_deficit_cumulative_z
2057-12-01,2057,ssp370,1.0063219248865964,risk_deficit_cumulative_z
2058-12-01,2058,ssp370,1.021456199681617,risk_deficit_cumulative_z
2059-12-01,2059,ssp370,1.298568617986989,risk_deficit_cumulative_z
2060-12-01,2060,ssp370,1.3178078637686377,risk_deficit_cumulative_z
2061-12-01,2061,ssp370,1.5578482383233458,risk_deficit_cumulative_z
2062-12-01,2062,ssp370,1.7013753135325569,risk_deficit_cumulative_z
2063-12-01,2063,ssp370,1.8886175014784812,risk_deficit_cumulative_z
2064-12-01,2064,ssp370,1.9375898876139688,risk_deficit_cumulative_z
2065-12-01,2065,ssp370,2.067740107972841,risk_deficit_cumulative_z
2066-12-01,2066,ssp370,2.1836430646405955,risk_deficit_cumulative_z
2067-12-01,2067,ssp370,2.236270698471165,risk_deficit_cumulative_z
2068-12-01,2068,ssp370,2.346381929864484,risk_deficit_cumulative_z
2069-12-01,2069,ssp370,2.39722403926996,risk_deficit_cumulative_z
2070-12-01,2070,ssp370,2.630364790052644,risk_deficit_cumulative_z
2071-12-01,2071,ssp370,2.828211879159631,risk_deficit_cumulative_z
2072-12-01,2072,ssp370,3.051249506226112,risk_deficit_cumulative_z
2073-12-01,2073,ssp370,3.380895033150644,risk_deficit_cumulative_z
2074-12-01,2074,ssp370,3.669469909182829,risk_deficit_cumulative_z
2075-12-01,2075,ssp370,3.9036415707416032,risk_deficit_cumulative_z
2076-12-01,2076,ssp370,3.9590933881326262,risk_deficit_cumulative_z
2077-12-01,2077,ssp370,4.182104362068057,risk_deficit_cumulative_z
2078-12-01,2078,ssp370,4.900904607842263,risk_deficit_cumulative_z
2079-12-01,2079,ssp370,4.900904607842263,risk_deficit_cumulative_z
2080-12-01,2080,ssp370,5.056290655211361,risk_deficit_cumulative_z
2081-12-01,2081,ssp370,5.525316114497259,risk_deficit_cumulative_z
2082-12-01,2082,ssp370,5.531025548333996,risk_deficit_cumulative_z
2083-12-01,2083,ssp370,5.810497547289702,risk_deficit_cumulative_z
2084-12-01,2084,ssp370,6.085372480645549,risk_deficit_cumulative_z
2085-12-01,2085,ssp370,6.195658198453622,risk_deficit_cumulative_z
2086-12-01,2086,ssp370,6.445156154476025,risk_deficit_cumulative_z
2087-12-01,2087,ssp370,6.566944075213658,risk_deficit_cumulative_z
2088-12-01,2088,ssp370,6.6760716555896105,risk_deficit_cumulative_z
2089-12-01,2089,ssp370,6.734154288578496,risk_deficit_cumulative_z
2090-12-01,2090,ssp370,6.887385721539586,risk_deficit_cumulative_z
2091-12-01,2091,ssp370,6.954196772365798,risk_deficit_cumulative_z
2092-12-01,2092,ssp370,7.5652764564082275,risk_deficit_cumulative_z
2093-12-01,2093,ssp370,8.073752974511855,risk_deficit_cumulative_z
2094-12-01,2094,ssp370,8.694435379504151,risk_deficit_cumulative_z
2095-12-01,2095,ssp370,8.91963210191888,risk_deficit_cumulative_z
2096-12-01,2096,ssp370,9.031238910834391,risk_deficit_cumulative_z
2097-12-01,2097,ssp370,9.088991623569564,risk_deficit_cumulative_z
2098-12-01,2098,ssp370,9.313789333037786,risk_deficit_cumulative_z
2099-12-01,2099,ssp370,9.446059531227757,risk_deficit_cumulative_z
2100-12-01,2100,ssp370,10.039447464377092,risk_deficit_cumulative_z
2026-12-01,2026,ssp585,-1.4649128586372495,risk_deficit_cumulative_z
2027-12-01,2027,ssp585,-1.4649128586372495,risk_deficit_cumulative_z
2028-12-01,2028,ssp585,-1.361208696084365,risk_deficit_cumulative_z
2029-12-01,2029,ssp585,-1.2903517060827303,risk_deficit_cumulative_z
2030-12-01,2030,ssp585,-1.1406853274861963,risk_deficit_cumulative_z
2031-12-01,2031,ssp585,-1.0402229752098515,risk_deficit_cumulative_z
2032-12-01,2032,ssp585,-1.013871668562769,risk_deficit_cumulative_z
2033-12-01,2033,ssp585,-1.0070171191374424,risk_deficit_cumulative_z
2034-12-01,2034,ssp585,-0.8178895097304721,risk_deficit_cumulative_z
2035-12-01,2035,ssp585,-0.0614625349159546,risk_deficit_cumulative_z
2036-12-01,2036,ssp585,0.0413455962057544,risk_deficit_cumulative_z
2037-12-01,2037,ssp585,0.1348984028088249,risk_deficit_cumulative_z
2038-12-01,2038,ssp585,0.1348984028088249,risk_deficit_cumulative_z
2039-12-01,2039,ssp585,0.1488277499551864,risk_deficit_cumulative_z
2040-12-01,2040,ssp585,0.186457318602272,risk_deficit_cumulative_z
2041-12-01,2041,ssp585,0.2064040417600861,risk_deficit_cumulative_z
2042-12-01,2042,ssp585,0.2769399854184898,risk_deficit_cumulative_z
2043-12-01,2043,ssp585,0.348077314755281,risk_deficit_cumulative_z
2044-12-01,2044,ssp585,0.4361498598657463,risk_deficit_cumulative_z
2045-12-01,2045,ssp585,0.4489280673129489,risk_deficit_cumulative_z
2046-12-01,2046,ssp585,0.9440340957232518,risk_deficit_cumulative_z
2047-12-01,2047,ssp585,1.8168367127801404,risk_deficit_cumulative_z
2048-12-01,2048,ssp585,1.890856124963745,risk_deficit_cumulative_z
2049-12-01,2049,ssp585,2.0503062505977323,risk_deficit_cumulative_z
2050-12-01,2050,ssp585,2.107071589060025,risk_deficit_cumulative_z
2051-12-01,2051,ssp585,2.1434920067505967,risk_deficit_cumulative_z
2052-12-01,2052,ssp585,2.189998334785537,risk_deficit_cumulative_z
2053-12-01,2053,ssp585,2.244545810758294,risk_deficit_cumulative_z
2054-12-01,2054,ssp585,2.257693713170773,risk_deficit_cumulative_z
2055-12-01,2055,ssp585,2.580560444304888,risk_deficit_cumulative_z
2056-12-01,2056,ssp585,3.00760786551226,risk_deficit_cumulative_z
2057-12-01,2057,ssp585,3.012111645506924,risk_deficit_cumulative_z
2058-12-01,2058,ssp585,3.015500010717377,risk_deficit_cumulative_z
2059-12-01,2059,ssp585,3.072194782368975,risk_deficit_cumulative_z
2060-12-01,2060,ssp585,3.314374625491664,risk_deficit_cumulative_z
2061-12-01,2061,ssp585,3.337053387557033,risk_deficit_cumulative_z
2062-12-01,2062,ssp585,3.348819134936809,risk_deficit_cumulative_z
2063-12-01,2063,ssp585,3.7050756398275104,risk_deficit_cumulative_z
2064-12-01,2064,ssp585,4.936391816232815,risk_deficit_cumulative_z
2065-12-01,2065,ssp585,5.622731427463716,risk_deficit_cumulative_z
2066-12-01,2066,ssp585,5.670942339642347,risk_deficit_cumulative_z
2067-12-01,2067,ssp585,5.987690905197917,risk_deficit_cumulative_z
2068-12-01,2068,ssp585,6.556944043354346,risk_deficit_cumulative_z
2069-12-01,2069,ssp585,7.330148886560302,risk_deficit_cumulative_z
2070-12-01,2070,ssp585,7.582037757350852,risk_deficit_cumulative_z
2071-12-01,2071,ssp585,8.394064208810736,risk_deficit_cumulative_z
2072-12-01,2072,ssp585,9.046331079022147,risk_deficit_cumulative_z
2073-12-01,2073,ssp585,9.509251533396204,risk_deficit_cumulative_z
2074-12-01,2074,ssp585,9.66201385042394,risk_deficit_cumulative_z
2075-12-01,2075,ssp585,9.78151316819065,risk_deficit_cumulative_z
2076-12-01,2076,ssp585,9.794287771458963,risk_deficit_cumulative_z
2077-12-01,2077,ssp585,10.599809495071694,risk_deficit_cumulative_z
2078-12-01,2078,ssp585,11.972989139147932,risk_deficit_cumulative_z
2079-12-01,2079,ssp585,13.386608585395852,risk_deficit_cumulative_z
2080-12-01,2080,ssp585,13.996838639787628,risk_deficit_cumulative_z
2081-12-01,2081,ssp585,14.740185175094997,risk_deficit_cumulative_z
2082-12-01,2082,ssp585,15.146663684403052,risk_deficit_cumulative_z
2083-12-01,2083,ssp585,16.027304026467046,risk_deficit_cumulative_z
2084-12-01,2084,ssp585,16.556133740908514,risk_deficit_cumulative_z
2085-12-01,2085,ssp585,17.693579142679468,risk_deficit_cumulative_z
2086-12-01,2086,ssp585,18.234458806342506,risk_deficit_cumulative_z
2087-12-01,2087,ssp585,18.765418949233634,risk_deficit_cumulative_z
2088-12-01,2088,ssp585,19.286733607717625,risk_deficit_cumulative_z
2089-12-01,2089,ssp585,19.616889583942093,risk_deficit_cumulative_z
2090-12-01,2090,ssp585,19.75117296318025,risk_deficit_cumulative_z
2091-12-01,2091,ssp585,19.876724073138767,risk_deficit_cumulative_z
2092-12-01,2092,ssp585,20.983476611592717,risk_deficit_cumulative_z
2093-12-01,2093,ssp585,21.508834845694725,risk_deficit_cumulative_z
2094-12-01,2094,ssp585,21.661020814692417,risk_deficit_cumulative_z
2095-12-01,2095,ssp585,22.0585759913823,risk_deficit_cumulative_z
2096-12-01,2096,ssp585,22.671164868442947,risk_deficit_cumulative_z
2097-12-01,2097,ssp585,22.867356556253384,risk_deficit_cumulative_z
2098-12-01,2098,ssp585,23.521182496049278,risk_deficit_cumulative_z
2099-12-01,2099,ssp585,23.963579302767325,risk_deficit_cumulative_z
2100-12-01,2100,ssp585,24.518241537404705,risk_deficit_cumulative_z
